{
  "report_type": "classification_confidence_frequency",
  "report_version": 1,
  "generated_at_utc": "2026-05-20T09:15:32Z",
  "input": "data/04_classified_benchmark.jsonl",
  "malformed_lines": 0,
  "overall": {
    "total": 535570,
    "values": {
      "medium": {
        "count": 235288,
        "fraction": 0.4393225908844782
      },
      "low": {
        "count": 153893,
        "fraction": 0.2873443247381295
      },
      "high": {
        "count": 146389,
        "fraction": 0.2733330843773923
      }
    }
  },
  "strata": {
    "by_class": {
      "T_BOX": {
        "total": 456594,
        "values": {
          "medium": {
            "count": 213811,
            "fraction": 0.4682737837115687
          },
          "low": {
            "count": 153893,
            "fraction": 0.3370456028769541
          },
          "high": {
            "count": 88890,
            "fraction": 0.19468061341147716
          }
        }
      },
      "TypeA": {
        "total": 47216,
        "values": {
          "high": {
            "count": 47214,
            "fraction": 0.9999576414774652
          },
          "medium": {
            "count": 2,
            "fraction": 4.235852253473399e-05
          }
        }
      },
      "TypeB": {
        "total": 13492,
        "values": {
          "high": {
            "count": 10285,
            "fraction": 0.7623035873109991
          },
          "medium": {
            "count": 3207,
            "fraction": 0.23769641268900088
          }
        }
      },
      "TypeC": {
        "total": 18268,
        "values": {
          "medium": {
            "count": 18268,
            "fraction": 1.0
          }
        }
      }
    },
    "by_track": {
      "A_BOX": {
        "total": 78976,
        "values": {
          "high": {
            "count": 57499,
            "fraction": 0.7280566247974068
          },
          "medium": {
            "count": 21477,
            "fraction": 0.2719433752025932
          }
        }
      },
      "T_BOX": {
        "total": 456594,
        "values": {
          "medium": {
            "count": 213811,
            "fraction": 0.4682737837115687
          },
          "low": {
            "count": 153893,
            "fraction": 0.3370456028769541
          },
          "high": {
            "count": 88890,
            "fraction": 0.19468061341147716
          }
        }
      }
    },
    "by_subtype": {
      "COINCIDENTAL_SCHEMA_CHANGE": {
        "total": 153893,
        "values": {
          "low": {
            "count": 153893,
            "fraction": 1.0
          }
        }
      },
      "EXTERNAL": {
        "total": 18268,
        "values": {
          "medium": {
            "count": 18268,
            "fraction": 1.0
          }
        }
      },
      "LOCAL_FOCUS_PREREPAIR_PROPERTY": {
        "total": 12541,
        "values": {
          "high": {
            "count": 10059,
            "fraction": 0.8020891475958855
          },
          "medium": {
            "count": 2482,
            "fraction": 0.19791085240411452
          }
        }
      },
      "LOCAL_MIXED": {
        "total": 102,
        "values": {
          "high": {
            "count": 85,
            "fraction": 0.8333333333333334
          },
          "medium": {
            "count": 17,
            "fraction": 0.16666666666666666
          }
        }
      },
      "LOCAL_NEIGHBOR_IDS": {
        "total": 141,
        "values": {
          "high": {
            "count": 141,
            "fraction": 1.0
          }
        }
      },
      "LOCAL_TEXT": {
        "total": 708,
        "values": {
          "medium": {
            "count": 708,
            "fraction": 1.0
          }
        }
      },
      "LOGICAL": {
        "total": 29691,
        "values": {
          "high": {
            "count": 29689,
            "fraction": 0.9999326395203934
          },
          "medium": {
            "count": 2,
            "fraction": 6.73604796066148e-05
          }
        }
      },
      "REJECTION": {
        "total": 17525,
        "values": {
          "high": {
            "count": 17525,
            "fraction": 1.0
          }
        }
      },
      "RELAXATION_SET_EXPANSION": {
        "total": 86867,
        "values": {
          "high": {
            "count": 86867,
            "fraction": 1.0
          }
        }
      },
      "RESTRICTION_SET_CONTRACTION": {
        "total": 2023,
        "values": {
          "high": {
            "count": 2023,
            "fraction": 1.0
          }
        }
      },
      "SCHEMA_UPDATE": {
        "total": 213811,
        "values": {
          "medium": {
            "count": 213811,
            "fraction": 1.0
          }
        }
      }
    },
    "by_class_and_track": {
      "T_BOX|T_BOX": {
        "total": 456594,
        "values": {
          "medium": {
            "count": 213811,
            "fraction": 0.4682737837115687
          },
          "low": {
            "count": 153893,
            "fraction": 0.3370456028769541
          },
          "high": {
            "count": 88890,
            "fraction": 0.19468061341147716
          }
        }
      },
      "TypeA|A_BOX": {
        "total": 47216,
        "values": {
          "high": {
            "count": 47214,
            "fraction": 0.9999576414774652
          },
          "medium": {
            "count": 2,
            "fraction": 4.235852253473399e-05
          }
        }
      },
      "TypeB|A_BOX": {
        "total": 13492,
        "values": {
          "high": {
            "count": 10285,
            "fraction": 0.7623035873109991
          },
          "medium": {
            "count": 3207,
            "fraction": 0.23769641268900088
          }
        }
      },
      "TypeC|A_BOX": {
        "total": 18268,
        "values": {
          "medium": {
            "count": 18268,
            "fraction": 1.0
          }
        }
      }
    },
    "by_class_and_subtype": {
      "T_BOX|COINCIDENTAL_SCHEMA_CHANGE": {
        "total": 153893,
        "values": {
          "low": {
            "count": 153893,
            "fraction": 1.0
          }
        }
      },
      "T_BOX|RELAXATION_SET_EXPANSION": {
        "total": 86867,
        "values": {
          "high": {
            "count": 86867,
            "fraction": 1.0
          }
        }
      },
      "T_BOX|RESTRICTION_SET_CONTRACTION": {
        "total": 2023,
        "values": {
          "high": {
            "count": 2023,
            "fraction": 1.0
          }
        }
      },
      "T_BOX|SCHEMA_UPDATE": {
        "total": 213811,
        "values": {
          "medium": {
            "count": 213811,
            "fraction": 1.0
          }
        }
      },
      "TypeA|LOGICAL": {
        "total": 29691,
        "values": {
          "high": {
            "count": 29689,
            "fraction": 0.9999326395203934
          },
          "medium": {
            "count": 2,
            "fraction": 6.73604796066148e-05
          }
        }
      },
      "TypeA|REJECTION": {
        "total": 17525,
        "values": {
          "high": {
            "count": 17525,
            "fraction": 1.0
          }
        }
      },
      "TypeB|LOCAL_FOCUS_PREREPAIR_PROPERTY": {
        "total": 12541,
        "values": {
          "high": {
            "count": 10059,
            "fraction": 0.8020891475958855
          },
          "medium": {
            "count": 2482,
            "fraction": 0.19791085240411452
          }
        }
      },
      "TypeB|LOCAL_MIXED": {
        "total": 102,
        "values": {
          "high": {
            "count": 85,
            "fraction": 0.8333333333333334
          },
          "medium": {
            "count": 17,
            "fraction": 0.16666666666666666
          }
        }
      },
      "TypeB|LOCAL_NEIGHBOR_IDS": {
        "total": 141,
        "values": {
          "high": {
            "count": 141,